{"cameraMode":{"drawMode":0,"name":"Shaded","section":"Shading Mode"},"sceneLighting":true,"audioPlay":false,"sceneViewState":{"showFog":true,"showMaterialUpdate":true,"showSkybox":true,"showFlares":true,"showImageEffects":true,"showParticleSystems":true},"in2DMode":false,"pivot":{"x":12.355033874511719,"y":0.9585609436035156,"z":20.20250701904297},"rotation":{"x":-0.21361418068408967,"y":-0.43876245617866518,"z":0.10821512341499329,"w":-0.8661161661148071},"size":48.606475830078128,"orthographic":false}