{"cameraMode":{"drawMode":0,"name":"Shaded","section":"Shading Mode"},"sceneLighting":false,"audioPlay":false,"sceneViewState":{"showFog":true,"showMaterialUpdate":true,"showSkybox":false,"showFlares":true,"showImageEffects":true,"showParticleSystems":true},"in2DMode":false,"pivot":{"x":-0.12965881824493409,"y":1.0478930473327637,"z":0.2369791865348816},"rotation":{"x":-0.21361418068408967,"y":-0.43876245617866518,"z":0.10821512341499329,"w":-0.8661161661148071},"size":0.7163168787956238,"orthographic":false}