{"cameraMode":{"drawMode":0,"name":"Shaded","section":"Shading Mode"},"sceneLighting":true,"audioPlay":false,"sceneViewState":{"showFog":true,"showMaterialUpdate":true,"showSkybox":true,"showFlares":true,"showImageEffects":true,"showParticleSystems":true},"in2DMode":false,"pivot":{"x":-6.46804666519165,"y":2.748159408569336,"z":-6.420417785644531},"rotation":{"x":-0.2032219022512436,"y":0.2948814928531647,"z":-0.06433498114347458,"w":-0.9314601421356201},"size":4.579641819000244,"orthographic":false}