{"cameraMode":{"drawMode":0,"name":"Shaded","section":"Shading Mode"},"sceneLighting":false,"audioPlay":false,"sceneViewState":{"showFog":true,"showMaterialUpdate":true,"showSkybox":false,"showFlares":true,"showImageEffects":true,"showParticleSystems":true},"in2DMode":false,"pivot":{"x":-9.024538040161133,"y":1.0047330856323243,"z":-9.655674934387207},"rotation":{"x":-0.2032219022512436,"y":0.2948814928531647,"z":-0.06433498114347458,"w":-0.9314601421356201},"size":4.980839252471924,"orthographic":false}