{"cameraMode":{"drawMode":0,"name":"Shaded","section":"Shading Mode"},"sceneLighting":false,"audioPlay":false,"sceneViewState":{"showFog":true,"showMaterialUpdate":true,"showSkybox":false,"showFlares":true,"showImageEffects":true,"showParticleSystems":true},"in2DMode":false,"pivot":{"x":-0.6118177771568298,"y":0.1943056583404541,"z":0.08022618293762207},"rotation":{"x":-0.07485024631023407,"y":0.9126771688461304,"z":-0.3516960144042969,"w":-0.19424349069595338},"size":1.7660253047943116,"orthographic":false}