{"cameraMode":{"drawMode":0,"name":"Shaded","section":"Shading Mode"},"sceneLighting":true,"audioPlay":false,"sceneViewState":{"showFog":true,"showMaterialUpdate":true,"showSkybox":true,"showFlares":true,"showImageEffects":true,"showParticleSystems":true},"in2DMode":false,"pivot":{"x":12.304140090942383,"y":-4.312690734863281,"z":14.464134216308594},"rotation":{"x":0.1830088198184967,"y":0.2830270826816559,"z":-0.05510984733700752,"w":0.9398761987686157},"size":26.944469451904298,"orthographic":false}