{"cameraMode":{"drawMode":0,"name":"Shaded","section":"Shading Mode"},"sceneLighting":true,"audioPlay":false,"sceneViewState":{"showFog":true,"showMaterialUpdate":true,"showSkybox":true,"showFlares":true,"showImageEffects":true,"showParticleSystems":true},"in2DMode":false,"pivot":{"x":13.144674301147461,"y":-11.826647758483887,"z":7.774843215942383},"rotation":{"x":-0.21361418068408967,"y":-0.43876245617866518,"z":0.10821512341499329,"w":-0.8661161661148071},"size":43.166473388671878,"orthographic":false}