{"cameraMode":{"drawMode":0,"name":"Shaded","section":"Shading Mode"},"sceneLighting":true,"audioPlay":false,"sceneViewState":{"showFog":true,"showMaterialUpdate":false,"showSkybox":true,"showFlares":true,"showImageEffects":true,"showParticleSystems":true},"in2DMode":false,"pivot":{"x":-2.4151134490966799,"y":-19.4031982421875,"z":11.994808197021485},"rotation":{"x":-0.10576745867729187,"y":0.8883407711982727,"z":-0.3654784560203552,"w":-0.25708115100860598},"size":29.49640464782715,"orthographic":false}