{"cameraMode":{"drawMode":0,"name":"Shaded","section":"Shading Mode"},"sceneLighting":true,"audioPlay":false,"sceneViewState":{"showFog":true,"showMaterialUpdate":true,"showSkybox":true,"showFlares":true,"showImageEffects":true,"showParticleSystems":true},"in2DMode":false,"pivot":{"x":8.392616271972657,"y":-2.5543651580810549,"z":2.231566905975342},"rotation":{"x":-0.07485024631023407,"y":0.9126771688461304,"z":-0.3516960144042969,"w":-0.19424349069595338},"size":5.798196315765381,"orthographic":false}